DBA Name,Source Zipcode,Mail Zipcode
100plus,94102,94131
1690 Evans Property,94124,94507
2390 43rd Av Apts,94116,94123
570 5th Av Apartments,94118,94118
7-Eleven Store,94134,75221
825 Sansome Street Llc,94133,94133
Addis Limo,94115,94115
Alain Pinel Realtors,94123,95070
Alive By Shooting,94110,94110
Ana V. Duffy,94132,94132
Anne Krantz Ph D,94115,94115
Anne Spalding,94108,81502
Apolonio Carrillo Sandoval,94621,94621
Artistic Homes,94505,94521
At&t Services,94124,63101
Barger & Wolen,94108,90071
Bay Staffing Solutions,94104,94903
Bemyapp Corporation,94105,94105
Bgg Association Llc,94133,99999
Blue Sky Window Cleaning,94123,94123
Bootxt Inc,94121,94121
Brit Media Inc,94102,94102
Browistry,94104,94941
Bufferbox,94109,94105
California Cast Stone Llc,94116,94116
Chelsea Risk Mgmt & Ins Sv Inc,94104,94104
Chevtchenko Vadim,94066,94066
Cindy Potter,94103,95404
Circosta Iron & Metal Co Inc,94124,94124
Collective Eye Inc,94110,94110
Compass Rose Acu & Hol Hlt Inc,94102,94102
Consolidated Fabricators Corp,95632,91402
David P Rhoades & Assoc Inc,94104,94104
Debra A Zeller Photography,94117,94117
Del Terra Group,94105,94105
Depanneur Inc,94114,94114
Developing Strategies Inc,94530,94707
Dianabee,94131,94131
Dogpatch Massage And Bodywork,94107,94107
Eccogen Card,94123,99999
Etch Your Heart Out,94132,94612
Frame-O-Rama,94109,94109
Fresh & Natural Cafe,94115,95136
"Full Harvest Technologies, Inc",94131,94107
G L M Painting,94110,99999
Gcs Environmntl Equip Svcs Inn,95766,94103
Hwep V Llc,94111,94111
Jennifer M Jones Mspt,94109,94403
Jesse Costello-Good,94103,94103
Jm Forster Construction,94610,94610
Kenneth G Cala Cpa,94104,94104
Latch Trust The,94965,94965
Law Office Of Lissette Gomez,94104,94104
Law Offices Of Paul L Garofalo,94118,99999
Leonard Assoc Architects Inc,94123,94123
Logan Circle Partners Lp,19103,19103
Lovely Bride,94123,94123
Mikel Davenport Lac,94110,94005
Naomi Cog,94122,94122
Navolio & Tallman Llp,94105,94105
Needham And Company Llc,94105,10022
New Fortune Dim Sum,94108,94108
Nor Cal Waterproofing Inc,94509,94509
O'connell Services,94131,94131
Ortiz Trucking,94124,94124
Pacific Zephyr R H Inc,94103,94502
Philip Mason,94019,94019
Pt Hutchins Co Ltd,94115,94115
Rogers Remodel Inc,94947,94948
Rusty Reniers Photography,94110,96158
S.f. Get Fit Walking Tours,94565,94565
San Francisco Concierge,94112,94112
San Francisco Uber,94080,94080
Senior Care Transportation,94107,94107
Senior Helpers,94110,94110
Sfmac.com,94102,94102
Skuut Llc,94118,94947
Solvecomp Technologies,94132,94080
Stemme Investigations,94110,94110
Svigda,94110,94110
Tanuki Restaurant,94118,94118
Taproot,94102,94102
Tax Flow Online,94111,94131
Thomas Li,94132,94132
Tireless Alarm Company,95019,95019
Tom Tjung,94116,94116
Top Agent Network Inc,94111,94104
Transportation Credit Card Srv,94109,94066
Uber,94030,94030
Utah Jacks,94110,94116
Veo Optics,94110,94108
Wegotqi International Llc,94116,94116
Westermeyer Robert,94109,95608
"Western Union, Llc",94107,80112
William Calhoun Consulting,94109,94109
Wish International Usa,94108,94108
Zachary Aguirre,94109,94109
Zing Cleaning,94108,94108
Zwh,94112,94112
