DBA Name,Source Zipcode min min,Mail Zipcode min min
1035 Market St Bldg,94103.0,48076
285 Grand View Apartments,94114.0,94131
5838 California Street Llc,94110.0,94115
900 Bay St Apartments,94109.0,94401
A T Mechanical,94956.0,94510
Alex Vayn Piano Service,94116.0,94116
American Wandyacht Limo Srvcs,94114.0,99999
Ascension Serrano Photography,94114.0,94114
Auditoria California,94127.0,94127
Bjb Computer Services,94122.0,94122
Ca. Professional Painting,94134.0,94134
California Mini,94103.0,94103
Cebu Philippine Travel,94108.0,94108
Central Ave Apartments,94117.0,94131
Checkers International,94122.0,94122
Cho Ronald H,94132.0,94132
Costar Realty Information Inc,94102.0,20005
Creative Auto Body Shop Inc,94110.0,94110
Curiosities,94127.0,94117
Damron,94102.0,94102
Donna Sachet,94114.0,94114
Dtl Company,94124.0,94066
Frank Schott Photographie,94115.0,94115
Gerald F Murphy Md,94117.0,94117
German Motors Collision Center,94103.0,94103
Gisela Schmoll,94117.0,94117
Green Downloads,94102.0,94108
Grove St Apts,94117.0,94131
Hotel Isabel,94103.0,94103
Hua Nancy,94121.0,99999
Hugo A Delgado Cpa,94112.0,94112
Intergeneration,94131.0,94131
J M Ventures,94116.0,94402
Jbs Productions,94115.0,94115
Jenny Jensen,94523.0,94523
Julie A Traun Attorney At Law,94103.0,94103
Juniors House & Carpet Clnrs,94109.0,94109
Just Vote Pac,94110.0,94102
Kc Express Co,94131.0,94131
Kevin Lu,94107.0,94107
Kg Property Management,94123.0,94104
Lavino Shipping Agencies,94111.0,36602
Law Ofcs Of Michael Rubenstein,94105.0,94111
Lee Bob H,94116.0,94116
Lee Daniel H,94124.0,94134
Lee David C,94134.0,94134
Les Dental Laboratory,94118.0,94116
Lh Construction,94117.0,94117
Manning & Kass Ellrod Ramirez,94105.0,90017
Masterworks,94131.0,94131
Mcd Services,94107.0,94010
Mini Of California,94103.0,94103
Mini Of Northern California,94103.0,94103
Netsource Inc,94121.0,94159
New Room Paint Design,94133.0,94131
Nguyen Richard,94606.0,94606
Northern California Mini,94103.0,94103
Nvt Llc,94104.0,63043
Office Of Cheryl Barton,94103.0,94103
Omni Art,94114.0,94114
Omt Capital Management,94104.0,94111
Pace Properties,94133.0,94401
Park Ashbury Apartments,94117.0,94131
Patrick J Corkery,94102.0,94102
Paula Blacona Gallery,94110.0,94110
Paula Grace Consulting & Train,94107.0,94107
Pave Villa Inc,94111.0,94111
Robertson Interiors,94115.0,94115
Royal Tree,94132.0,94132
Rsc Equipment Rental Inc,94124.0,33637
Sadoun Construction,94124.0,94121
San Francisco Maz,94107.0,94107
San Francisco Mini,94103.0,94103
Seda Solutions Corporation,94111.0,94121
Sf Car Brokers,94103.0,94103
Sf Windmill Cleaners,94124.0,94124
Shaanov Vladimir,95051.0,95051
Shah Ahmad R,94044.0,94044
Simon Wong Engineering,94109.0,92131
Spanish Translations Sf,94110.0,94110
Star Reporting Service Inc,94103.0,94941
Stone&mclaughlin Enrolled Agnt,94116.0,94116
T J Surgical Inc,95630.0,95630
T S Wrobel & Associates,94103.0,94102
Telespree Communications,94107.0,80112
The Mitchell Group,94124.0,94188
The Mitchell Group Copy Svcs,94124.0,94188
Tidy Network,94107.0,94108
Toolworks,94108.0,94108
United Rentals (North Ame) Inc,94124.0,33637
Upright Media,94102.0,94108
Urban Mapping Inc,94108.0,10017
Valencia St Muscle & Fitness,94103.0,99999
Van Danny,94015.0,94112
Way Way Travel Inc,94108.0,94108
West Coast Insulation Inc,94063.0,94063
Xela Janitorial Services,95757.0,95747
